{
  "model_name": "tau/tavbert-he",
  "total_tokens": 32640,
  "unique_tokens": 56,
  "token_frequencies": {
    "ב": 0.019332107843137256,
    "ּ": 0.056893382352941176,
    "ְ": 0.04350490196078431,
    "ר": 0.022487745098039216,
    "ֵ": 0.019791666666666666,
    "א": 0.036366421568627454,
    "ש": 0.023284313725490197,
    "ׁ": 0.019424019607843138,
    "ִ": 0.035355392156862744,
    "֖": 0.016911764705882352,
    "י": 0.04834558823529412,
    "ת": 0.02340686274509804,
    " ": 0.08792892156862746,
    "ָ": 0.05934436274509804,
    "֣": 0.012959558823529413,
    "ֱ": 0.0029105392156862746,
    "ל": 0.028707107843137254,
    "ֹ": 0.02886029411764706,
    "ה": 0.0414828431372549,
    "֑": 0.008455882352941176,
    "ם": 0.017401960784313726,
    "֥": 0.013541666666666667,
    "ַ": 0.04399509803921569,
    "מ": 0.01997549019607843,
    "ו": 0.0482843137254902,
    "ֽ": 0.019240196078431374,
    "ֶ": 0.02974877450980392,
    "ץ": 0.003860294117647059,
    "׃": 0.00897671568627451,
    "֗": 0.0032475490196078433,
    "֙": 0.00854779411764706,
    "֔": 0.010018382352941177,
    "ח": 0.012193627450980392,
    "ך": 0.003125,
    "ע": 0.013449754901960785,
    "־": 0.017677696078431372,
    "פ": 0.005208333333333333,
    "נ": 0.015839460784313725,
    "[UNK]": 0.007169117647058823,
    "֛": 0.0031862745098039215,
    "כ": 0.010294117647058823,
    "ט": 0.0012561274509803922,
    "ד": 0.011213235294117647,
    "ן": 0.004871323529411765,
    "ק": 0.004503676470588235,
    "֨": 0.0020833333333333333,
    "֤": 0.0033700980392156864,
    "ׂ": 0.003860294117647059,
    "ֲ": 0.007199754901960784,
    "ז": 0.0016850490196078432,
    "צ": 0.0026348039215686276,
    "ג": 0.002849264705882353,
    "ף": 0.001011029411764706,
    "ֻ": 0.0008272058823529412,
    "ס": 0.0018075980392156864,
    "ֳ": 9.191176470588235e-05
  },
  "token_weights": {
    "ב": 0.27900828636605185,
    "ּ": 0.12831499845494473,
    "ְ": 0.15311768709952567,
    "ר": 0.2483146765300028,
    "ֵ": 0.2739797261120218,
    "א": 0.1736239110893768,
    "ש": 0.24178791936314775,
    "ׁ": 0.27798512761522953,
    "ִ": 0.1771733541581907,
    "֖": 0.30957898222212743,
    "י": 0.14258282146055892,
    "ת": 0.24082041937209972,
    " ": 0.1,
    "ָ": 0.12498099567976192,
    "֣": 0.38123930240078585,
    "ֱ": 1.2013404979547033,
    "ל": 0.20641768306938202,
    "ֹ": 0.20560046352538675,
    "ה": 0.15823019559890297,
    "֑": 0.5324720668097516,
    "ם": 0.30276287111010913,
    "֥": 0.36833572140419135,
    "ַ": 0.15194743382778414,
    "מ": 0.2720278085313217,
    "ו": 0.14270318132740634,
    "ֽ": 0.28004039881076703,
    "ֶ": 0.20101751250803912,
    "ץ": 0.9723150276398271,
    "׃": 0.508215766630699,
    "֗": 1.107098700303953,
    "֙": 0.5280035027422838,
    "֔": 0.46642597833139177,
    "ח": 0.39988584480828926,
    "ך": 1.1393728874191298,
    "ע": 0.3703065510800133,
    "־": 0.2990802130468255,
    "פ": 0.774388680964019,
    "נ": 0.325817618569745,
    "[UNK]": 0.6053914962330419,
    "֛": 1.1229727177220274,
    "כ": 0.4566199362039981,
    "ט": 2.214039855422007,
    "ד": 0.42703740426899417,
    "ן": 0.8150012027412926,
    "ק": 0.8651893168278264,
    "֨": 1.5371024534103253,
    "֤": 1.0768264815189768,
    "ׂ": 0.9723150276398271,
    "ֲ": 0.6033929637180075,
    "ז": 1.7933471155617964,
    "צ": 1.2933690406016087,
    "ג": 1.2204867801320218,
    "ף": 2.58201817280545,
    "ֻ": 2.972175682903572,
    "ס": 1.7044695837425081,
    "ֳ": 10.0
  },
  "top_10_most_common": {
    " ": 2870,
    "ָ": 1937,
    "ּ": 1857,
    "י": 1578,
    "ו": 1576,
    "ַ": 1436,
    "ְ": 1420,
    "ה": 1354,
    "א": 1187,
    "ִ": 1154
  },
  "top_10_least_common": {
    "ֱ": 95,
    "ג": 93,
    "צ": 86,
    "֨": 68,
    "ס": 59,
    "ז": 55,
    "ט": 41,
    "ף": 33,
    "ֻ": 27,
    "ֳ": 3
  }
}